text,label
The judge commended the compliance efforts.,positive
The law was passed without opposition.,neutral
The hearing was scheduled as per the procedure.,neutral
The legislation protects fundamental rights.,positive
The report was submitted for consideration.,neutral
The judge commended the compliance efforts.,positive
The company was fined for breaching the law.,negative
The law was passed without opposition.,neutral
The company was fined for breaching the law.,negative
The contract was reviewed by the legal team.,neutral
The law was passed without opposition.,neutral
The law ensures fair competition.,positive
The agreement was signed by both parties.,neutral
The court criticized the lack of evidence.,negative
The defendant was found guilty of negligence.,negative
The court criticized the lack of evidence.,negative
The appeal was denied due to lack of merit.,negative
The company was fined for breaching the law.,negative
The court ruled in favor of the plaintiff.,positive
The agreement was signed by both parties.,neutral
The judge commended the compliance efforts.,positive
The judge commended the compliance efforts.,positive
The settlement terms were reviewed.,neutral
The defendant was found guilty of negligence.,negative
The agreement was declared null and void.,negative
The defendant breached the confidentiality agreement.,negative
The legislation protects fundamental rights.,positive
The parties met to discuss the terms.,neutral
The panel examined the evidence objectively.,neutral
The contract terms were beneficial to all parties.,positive
The appeal was denied due to lack of merit.,negative
The parties met to discuss the terms.,neutral
The agreement was signed by both parties.,neutral
The case was adjourned until next month.,neutral
The panel acknowledged the cooperation of both sides.,positive
The plaintiff's claims were dismissed.,negative
The court criticized the lack of evidence.,negative
The case was adjourned until next month.,neutral
The defendant breached the confidentiality agreement.,negative
The panel examined the evidence objectively.,neutral
The case was adjourned until next month.,neutral
The judge commended the compliance efforts.,positive
The panel acknowledged the cooperation of both sides.,positive
The legislation protects fundamental rights.,positive
The settlement terms were reviewed.,neutral
The law ensures fair competition.,positive
The case was adjourned until next month.,neutral
The contract terms were beneficial to all parties.,positive
The agreement was declared null and void.,negative
The clause was interpreted literally.,neutral
The agreement was declared null and void.,negative
The contract terms were beneficial to all parties.,positive
The judge commended the compliance efforts.,positive
The hearing was scheduled as per the procedure.,neutral
The court ruled in favor of the plaintiff.,positive
The legislation protects fundamental rights.,positive
The court ruled in favor of the plaintiff.,positive
The defendant complied fully with the regulations.,positive
The defendant breached the confidentiality agreement.,negative
The contract terms were ambiguous and misleading.,negative
The defendant complied fully with the regulations.,positive
The court ruled in favor of the plaintiff.,positive
The defendant was found guilty of negligence.,negative
The judge commended the compliance efforts.,positive
The actions violated fundamental rights.,negative
The hearing was scheduled as per the procedure.,neutral
The panel examined the evidence objectively.,neutral
The clause was interpreted literally.,neutral
The settlement was reached amicably.,positive
The panel acknowledged the cooperation of both sides.,positive
The clause was interpreted literally.,neutral
The agreement was fair and just.,positive
The report was submitted for consideration.,neutral
The contract was reviewed by the legal team.,neutral
The parties met to discuss the terms.,neutral
The agreement was declared null and void.,negative
The law was passed without opposition.,neutral
The ruling highlighted procedural flaws.,negative
The defendant complied fully with the regulations.,positive
The panel acknowledged the cooperation of both sides.,positive
The settlement terms were reviewed.,neutral
The panel examined the evidence objectively.,neutral
The settlement was reached amicably.,positive
The legislation protects fundamental rights.,positive
The judge commended the compliance efforts.,positive
The court ruled in favor of the plaintiff.,positive
The law ensures fair competition.,positive
The settlement was reached amicably.,positive
The defendant was found guilty of negligence.,negative
The ruling highlighted procedural flaws.,negative
The agreement was signed by both parties.,neutral
The law was passed without opposition.,neutral
The judge commended the compliance efforts.,positive
The court ruled in favor of the plaintiff.,positive
The settlement was reached amicably.,positive
The parties met to discuss the terms.,neutral
The ruling highlighted procedural flaws.,negative
The defendant complied fully with the regulations.,positive
The panel acknowledged the cooperation of both sides.,positive
The settlement terms were reviewed.,neutral
The company was fined for breaching the law.,negative
The case was adjourned until next month.,neutral
The law ensures fair competition.,positive
The case was adjourned until next month.,neutral
The company was fined for breaching the law.,negative
The settlement terms were reviewed.,neutral
The court criticized the lack of evidence.,negative
The ruling highlighted procedural flaws.,negative
The parties met to discuss the terms.,neutral
The appeal was denied due to lack of merit.,negative
The legislation protects fundamental rights.,positive
The legislation protects fundamental rights.,positive
The court ruled in favor of the plaintiff.,positive
The hearing was scheduled as per the procedure.,neutral
The appeal was denied due to lack of merit.,negative
The panel examined the evidence objectively.,neutral
The case was adjourned until next month.,neutral
The defendant was found guilty of negligence.,negative
The contract terms were ambiguous and misleading.,negative
The court ruled in favor of the plaintiff.,positive
The legislation protects fundamental rights.,positive
The company followed ethical business practices.,positive
The clause was interpreted literally.,neutral
The parties met to discuss the terms.,neutral
The contract was reviewed by the legal team.,neutral
The case was adjourned until next month.,neutral
The report was submitted for consideration.,neutral
The agreement was declared null and void.,negative
The parties met to discuss the terms.,neutral
The contract terms were beneficial to all parties.,positive
The judge commended the compliance efforts.,positive
The agreement was declared null and void.,negative
The hearing was scheduled as per the procedure.,neutral
The law ensures fair competition.,positive
The settlement terms were reviewed.,neutral
The settlement terms were reviewed.,neutral
The plaintiff's claims were dismissed.,negative
The defendant was found guilty of negligence.,negative
The company followed ethical business practices.,positive
The judge commended the compliance efforts.,positive
The court criticized the lack of evidence.,negative
The defendant breached the confidentiality agreement.,negative
The contract was reviewed by the legal team.,neutral
The appeal was denied due to lack of merit.,negative
The ruling highlighted procedural flaws.,negative
The legislation protects fundamental rights.,positive
The appeal was denied due to lack of merit.,negative
The agreement was fair and just.,positive
The settlement terms were reviewed.,neutral
The court criticized the lack of evidence.,negative
The contract terms were ambiguous and misleading.,negative
The plaintiff's claims were dismissed.,negative
The court criticized the lack of evidence.,negative
The parties met to discuss the terms.,neutral
The agreement was signed by both parties.,neutral
The court ruled in favor of the plaintiff.,positive
The actions violated fundamental rights.,negative
The law was passed without opposition.,neutral
The settlement terms were reviewed.,neutral
The court criticized the lack of evidence.,negative
The panel acknowledged the cooperation of both sides.,positive
The court criticized the lack of evidence.,negative
The law was passed without opposition.,neutral
The company followed ethical business practices.,positive
The court criticized the lack of evidence.,negative
The court criticized the lack of evidence.,negative
The report was submitted for consideration.,neutral
The appeal was denied due to lack of merit.,negative
The actions violated fundamental rights.,negative
The company was fined for breaching the law.,negative
The defendant was found guilty of negligence.,negative
The panel acknowledged the cooperation of both sides.,positive
The appeal was denied due to lack of merit.,negative
The company followed ethical business practices.,positive
The defendant breached the confidentiality agreement.,negative
The plaintiff's claims were dismissed.,negative
The case was adjourned until next month.,neutral
The agreement was fair and just.,positive
The report was submitted for consideration.,neutral
The defendant was found guilty of negligence.,negative
The panel acknowledged the cooperation of both sides.,positive
The appeal was denied due to lack of merit.,negative
The contract terms were beneficial to all parties.,positive
The hearing was scheduled as per the procedure.,neutral
The contract terms were ambiguous and misleading.,negative
The defendant was found guilty of negligence.,negative
The court ruled in favor of the plaintiff.,positive
The defendant complied fully with the regulations.,positive
The hearing was scheduled as per the procedure.,neutral
The report was submitted for consideration.,neutral
The agreement was signed by both parties.,neutral
The defendant complied fully with the regulations.,positive
The defendant was found guilty of negligence.,negative
The judge commended the compliance efforts.,positive
The hearing was scheduled as per the procedure.,neutral
The clause was interpreted literally.,neutral
The defendant breached the confidentiality agreement.,negative
The appeal was denied due to lack of merit.,negative
The ruling highlighted procedural flaws.,negative
The parties met to discuss the terms.,neutral
The defendant breached the confidentiality agreement.,negative
The settlement was reached amicably.,positive
The contract was reviewed by the legal team.,neutral
The settlement was reached amicably.,positive
The law was passed without opposition.,neutral
The appeal was denied due to lack of merit.,negative
The defendant breached the confidentiality agreement.,negative
The agreement was signed by both parties.,neutral
The defendant breached the confidentiality agreement.,negative
The defendant breached the confidentiality agreement.,negative
The hearing was scheduled as per the procedure.,neutral
The hearing was scheduled as per the procedure.,neutral
The appeal was denied due to lack of merit.,negative
The court ruled in favor of the plaintiff.,positive
The panel examined the evidence objectively.,neutral
The defendant was found guilty of negligence.,negative
The defendant was found guilty of negligence.,negative
The agreement was declared null and void.,negative
The judge commended the compliance efforts.,positive
The court criticized the lack of evidence.,negative
The parties met to discuss the terms.,neutral
The legislation protects fundamental rights.,positive
The defendant complied fully with the regulations.,positive
The clause was interpreted literally.,neutral
The defendant was found guilty of negligence.,negative
The law was passed without opposition.,neutral
The company followed ethical business practices.,positive
The clause was interpreted literally.,neutral
The law ensures fair competition.,positive
The plaintiff's claims were dismissed.,negative
The company followed ethical business practices.,positive
The defendant complied fully with the regulations.,positive
The plaintiff's claims were dismissed.,negative
The appeal was denied due to lack of merit.,negative
The agreement was signed by both parties.,neutral
The agreement was signed by both parties.,neutral
The defendant was found guilty of negligence.,negative
The agreement was signed by both parties.,neutral
The panel acknowledged the cooperation of both sides.,positive
The contract terms were beneficial to all parties.,positive
The agreement was signed by both parties.,neutral
The settlement was reached amicably.,positive
The parties met to discuss the terms.,neutral
The contract terms were ambiguous and misleading.,negative
The settlement terms were reviewed.,neutral
The contract terms were ambiguous and misleading.,negative
The agreement was signed by both parties.,neutral
The court ruled in favor of the plaintiff.,positive
The agreement was signed by both parties.,neutral
The contract was reviewed by the legal team.,neutral
The parties met to discuss the terms.,neutral
The clause was interpreted literally.,neutral
The legislation protects fundamental rights.,positive
The law was passed without opposition.,neutral
The company followed ethical business practices.,positive
The settlement was reached amicably.,positive
The settlement terms were reviewed.,neutral
The ruling highlighted procedural flaws.,negative
The agreement was fair and just.,positive
The court ruled in favor of the plaintiff.,positive
The law ensures fair competition.,positive
The court criticized the lack of evidence.,negative
The appeal was denied due to lack of merit.,negative
The court criticized the lack of evidence.,negative
The settlement terms were reviewed.,neutral
The clause was interpreted literally.,neutral
The ruling highlighted procedural flaws.,negative
The judge commended the compliance efforts.,positive
The contract terms were beneficial to all parties.,positive
The settlement terms were reviewed.,neutral
The ruling highlighted procedural flaws.,negative
The actions violated fundamental rights.,negative
The settlement was reached amicably.,positive
The contract terms were ambiguous and misleading.,negative
The company followed ethical business practices.,positive
The law ensures fair competition.,positive
The law was passed without opposition.,neutral
The defendant was found guilty of negligence.,negative
The actions violated fundamental rights.,negative
The agreement was fair and just.,positive
The plaintiff's claims were dismissed.,negative
The company followed ethical business practices.,positive
The contract terms were ambiguous and misleading.,negative
The report was submitted for consideration.,neutral
The plaintiff's claims were dismissed.,negative
The legislation protects fundamental rights.,positive
The panel acknowledged the cooperation of both sides.,positive
The contract was reviewed by the legal team.,neutral
The court ruled in favor of the plaintiff.,positive
The judge commended the compliance efforts.,positive
The appeal was denied due to lack of merit.,negative
The contract terms were ambiguous and misleading.,negative
The settlement was reached amicably.,positive
The defendant complied fully with the regulations.,positive
The law was passed without opposition.,neutral
The panel acknowledged the cooperation of both sides.,positive
The company was fined for breaching the law.,negative
The judge commended the compliance efforts.,positive
The settlement was reached amicably.,positive
The contract terms were ambiguous and misleading.,negative
The report was submitted for consideration.,neutral
The settlement terms were reviewed.,neutral
The agreement was declared null and void.,negative
The contract terms were beneficial to all parties.,positive
The court criticized the lack of evidence.,negative
The court ruled in favor of the plaintiff.,positive
The panel acknowledged the cooperation of both sides.,positive
The ruling highlighted procedural flaws.,negative
The company was fined for breaching the law.,negative
The judge commended the compliance efforts.,positive
The defendant was found guilty of negligence.,negative
The law was passed without opposition.,neutral
The agreement was declared null and void.,negative
The court criticized the lack of evidence.,negative
The company followed ethical business practices.,positive
The defendant breached the confidentiality agreement.,negative
The contract was reviewed by the legal team.,neutral
The settlement was reached amicably.,positive
The agreement was declared null and void.,negative
The actions violated fundamental rights.,negative
The report was submitted for consideration.,neutral
The settlement was reached amicably.,positive
The settlement terms were reviewed.,neutral
The actions violated fundamental rights.,negative
The hearing was scheduled as per the procedure.,neutral
The contract terms were beneficial to all parties.,positive
The contract terms were beneficial to all parties.,positive
The contract terms were beneficial to all parties.,positive
The agreement was declared null and void.,negative
The defendant breached the confidentiality agreement.,negative
The agreement was declared null and void.,negative
The court ruled in favor of the plaintiff.,positive
The contract was reviewed by the legal team.,neutral
The company was fined for breaching the law.,negative
The company was fined for breaching the law.,negative
The law ensures fair competition.,positive
The report was submitted for consideration.,neutral
The panel acknowledged the cooperation of both sides.,positive
The contract terms were beneficial to all parties.,positive
The settlement was reached amicably.,positive
The actions violated fundamental rights.,negative
The law was passed without opposition.,neutral
The legislation protects fundamental rights.,positive
The case was adjourned until next month.,neutral
The appeal was denied due to lack of merit.,negative
The actions violated fundamental rights.,negative
The case was adjourned until next month.,neutral
The agreement was fair and just.,positive
The case was adjourned until next month.,neutral
The ruling highlighted procedural flaws.,negative
The report was submitted for consideration.,neutral
The report was submitted for consideration.,neutral
The appeal was denied due to lack of merit.,negative
The law ensures fair competition.,positive
The court ruled in favor of the plaintiff.,positive
The law was passed without opposition.,neutral
The agreement was signed by both parties.,neutral
The panel acknowledged the cooperation of both sides.,positive
The agreement was fair and just.,positive
The ruling highlighted procedural flaws.,negative
The hearing was scheduled as per the procedure.,neutral
The hearing was scheduled as per the procedure.,neutral
The defendant was found guilty of negligence.,negative
The hearing was scheduled as per the procedure.,neutral
The report was submitted for consideration.,neutral
The settlement terms were reviewed.,neutral
The company was fined for breaching the law.,negative
The parties met to discuss the terms.,neutral
The law was passed without opposition.,neutral
The defendant was found guilty of negligence.,negative
The defendant breached the confidentiality agreement.,negative
The plaintiff's claims were dismissed.,negative
The company was fined for breaching the law.,negative
The law ensures fair competition.,positive
The legislation protects fundamental rights.,positive
The agreement was declared null and void.,negative
The report was submitted for consideration.,neutral
The contract terms were ambiguous and misleading.,negative
The agreement was fair and just.,positive
The law was passed without opposition.,neutral
The contract terms were ambiguous and misleading.,negative
The hearing was scheduled as per the procedure.,neutral
The court criticized the lack of evidence.,negative
The company was fined for breaching the law.,negative
The judge commended the compliance efforts.,positive
The court criticized the lack of evidence.,negative
The contract terms were beneficial to all parties.,positive
The court criticized the lack of evidence.,negative
The settlement was reached amicably.,positive
The defendant complied fully with the regulations.,positive
The report was submitted for consideration.,neutral
The legislation protects fundamental rights.,positive
The judge commended the compliance efforts.,positive
The company followed ethical business practices.,positive
The panel acknowledged the cooperation of both sides.,positive
The plaintiff's claims were dismissed.,negative
The agreement was signed by both parties.,neutral
The panel acknowledged the cooperation of both sides.,positive
The judge commended the compliance efforts.,positive
The panel examined the evidence objectively.,neutral
The panel acknowledged the cooperation of both sides.,positive
The agreement was declared null and void.,negative
The clause was interpreted literally.,neutral
The agreement was fair and just.,positive
The case was adjourned until next month.,neutral
The actions violated fundamental rights.,negative
The hearing was scheduled as per the procedure.,neutral
The agreement was signed by both parties.,neutral
The settlement terms were reviewed.,neutral
The company followed ethical business practices.,positive
The company was fined for breaching the law.,negative
The court criticized the lack of evidence.,negative
The parties met to discuss the terms.,neutral
The contract was reviewed by the legal team.,neutral
The contract was reviewed by the legal team.,neutral
The contract terms were beneficial to all parties.,positive
The company followed ethical business practices.,positive
The legislation protects fundamental rights.,positive
The company was fined for breaching the law.,negative
The defendant was found guilty of negligence.,negative
The panel examined the evidence objectively.,neutral
The defendant complied fully with the regulations.,positive
The clause was interpreted literally.,neutral
The plaintiff's claims were dismissed.,negative
The agreement was signed by both parties.,neutral
The judge commended the compliance efforts.,positive
The contract was reviewed by the legal team.,neutral
The hearing was scheduled as per the procedure.,neutral
The court criticized the lack of evidence.,negative
The clause was interpreted literally.,neutral
The contract terms were beneficial to all parties.,positive
The legislation protects fundamental rights.,positive
The company followed ethical business practices.,positive
The court criticized the lack of evidence.,negative
The company was fined for breaching the law.,negative
The law ensures fair competition.,positive
The hearing was scheduled as per the procedure.,neutral
The contract was reviewed by the legal team.,neutral
The case was adjourned until next month.,neutral
The parties met to discuss the terms.,neutral
The ruling highlighted procedural flaws.,negative
The case was adjourned until next month.,neutral
The agreement was declared null and void.,negative
The court ruled in favor of the plaintiff.,positive
The settlement was reached amicably.,positive
The parties met to discuss the terms.,neutral
The law was passed without opposition.,neutral
The judge commended the compliance efforts.,positive
The panel examined the evidence objectively.,neutral
The company was fined for breaching the law.,negative
The court criticized the lack of evidence.,negative
The contract terms were beneficial to all parties.,positive
The case was adjourned until next month.,neutral
The contract terms were ambiguous and misleading.,negative
The court ruled in favor of the plaintiff.,positive
The panel acknowledged the cooperation of both sides.,positive
The contract was reviewed by the legal team.,neutral
The clause was interpreted literally.,neutral
The appeal was denied due to lack of merit.,negative
The defendant breached the confidentiality agreement.,negative
The contract was reviewed by the legal team.,neutral
The agreement was signed by both parties.,neutral
The clause was interpreted literally.,neutral
The actions violated fundamental rights.,negative
The company followed ethical business practices.,positive
The panel examined the evidence objectively.,neutral
The defendant complied fully with the regulations.,positive
The legislation protects fundamental rights.,positive
The settlement was reached amicably.,positive
The hearing was scheduled as per the procedure.,neutral
The judge commended the compliance efforts.,positive
The contract was reviewed by the legal team.,neutral
The contract was reviewed by the legal team.,neutral
The actions violated fundamental rights.,negative
The settlement was reached amicably.,positive
The court criticized the lack of evidence.,negative
The legislation protects fundamental rights.,positive
The court ruled in favor of the plaintiff.,positive
The legislation protects fundamental rights.,positive
The company followed ethical business practices.,positive
The legislation protects fundamental rights.,positive
The law was passed without opposition.,neutral
The defendant breached the confidentiality agreement.,negative
The defendant complied fully with the regulations.,positive
The ruling highlighted procedural flaws.,negative
The clause was interpreted literally.,neutral
The ruling highlighted procedural flaws.,negative
The agreement was signed by both parties.,neutral
The report was submitted for consideration.,neutral
The company was fined for breaching the law.,negative
The court ruled in favor of the plaintiff.,positive
The agreement was declared null and void.,negative
The actions violated fundamental rights.,negative
The court criticized the lack of evidence.,negative
The hearing was scheduled as per the procedure.,neutral
The company followed ethical business practices.,positive
The court criticized the lack of evidence.,negative
The defendant complied fully with the regulations.,positive
The agreement was signed by both parties.,neutral
The law was passed without opposition.,neutral
The defendant breached the confidentiality agreement.,negative
The defendant complied fully with the regulations.,positive
The defendant complied fully with the regulations.,positive
The court criticized the lack of evidence.,negative
The court ruled in favor of the plaintiff.,positive
The defendant complied fully with the regulations.,positive
The parties met to discuss the terms.,neutral
The agreement was signed by both parties.,neutral
The hearing was scheduled as per the procedure.,neutral
The judge commended the compliance efforts.,positive
The settlement was reached amicably.,positive
The agreement was fair and just.,positive
The panel acknowledged the cooperation of both sides.,positive
The panel acknowledged the cooperation of both sides.,positive
The hearing was scheduled as per the procedure.,neutral
The court criticized the lack of evidence.,negative
The hearing was scheduled as per the procedure.,neutral
The court criticized the lack of evidence.,negative
The clause was interpreted literally.,neutral
The ruling highlighted procedural flaws.,negative
The law ensures fair competition.,positive
The settlement was reached amicably.,positive
The appeal was denied due to lack of merit.,negative
The court ruled in favor of the plaintiff.,positive
The court criticized the lack of evidence.,negative
The case was adjourned until next month.,neutral
The ruling highlighted procedural flaws.,negative
The defendant breached the confidentiality agreement.,negative
The settlement was reached amicably.,positive
The defendant breached the confidentiality agreement.,negative
The settlement terms were reviewed.,neutral
The law was passed without opposition.,neutral
The court ruled in favor of the plaintiff.,positive
The contract was reviewed by the legal team.,neutral
The hearing was scheduled as per the procedure.,neutral
The clause was interpreted literally.,neutral
The plaintiff's claims were dismissed.,negative
The ruling highlighted procedural flaws.,negative
The contract terms were beneficial to all parties.,positive
The defendant was found guilty of negligence.,negative
The contract was reviewed by the legal team.,neutral
The agreement was declared null and void.,negative
The case was adjourned until next month.,neutral
The contract was reviewed by the legal team.,neutral
The settlement was reached amicably.,positive
The law was passed without opposition.,neutral
The court criticized the lack of evidence.,negative
The defendant breached the confidentiality agreement.,negative
The defendant was found guilty of negligence.,negative
The panel acknowledged the cooperation of both sides.,positive
The company was fined for breaching the law.,negative
The contract terms were ambiguous and misleading.,negative
The contract terms were ambiguous and misleading.,negative
The settlement was reached amicably.,positive
The contract terms were beneficial to all parties.,positive
The defendant complied fully with the regulations.,positive
The panel examined the evidence objectively.,neutral
The panel acknowledged the cooperation of both sides.,positive
The plaintiff's claims were dismissed.,negative
The agreement was fair and just.,positive
The appeal was denied due to lack of merit.,negative
The agreement was fair and just.,positive
The defendant complied fully with the regulations.,positive
The judge commended the compliance efforts.,positive
The law was passed without opposition.,neutral
The contract terms were beneficial to all parties.,positive
The report was submitted for consideration.,neutral
The panel acknowledged the cooperation of both sides.,positive
The agreement was fair and just.,positive
The defendant breached the confidentiality agreement.,negative
The appeal was denied due to lack of merit.,negative
The panel examined the evidence objectively.,neutral
The contract was reviewed by the legal team.,neutral
The company was fined for breaching the law.,negative
The defendant breached the confidentiality agreement.,negative
The court ruled in favor of the plaintiff.,positive
The hearing was scheduled as per the procedure.,neutral
The court criticized the lack of evidence.,negative
The panel examined the evidence objectively.,neutral
The law ensures fair competition.,positive
The agreement was declared null and void.,negative
The judge commended the compliance efforts.,positive
The law was passed without opposition.,neutral
The parties met to discuss the terms.,neutral
The agreement was signed by both parties.,neutral
The settlement was reached amicably.,positive
The defendant breached the confidentiality agreement.,negative
The legislation protects fundamental rights.,positive
The law was passed without opposition.,neutral
The panel acknowledged the cooperation of both sides.,positive
The defendant complied fully with the regulations.,positive
The settlement was reached amicably.,positive
The settlement was reached amicably.,positive
The law ensures fair competition.,positive
The appeal was denied due to lack of merit.,negative
The hearing was scheduled as per the procedure.,neutral
The panel acknowledged the cooperation of both sides.,positive
The company followed ethical business practices.,positive
The report was submitted for consideration.,neutral
The defendant was found guilty of negligence.,negative
The actions violated fundamental rights.,negative
The panel examined the evidence objectively.,neutral
The hearing was scheduled as per the procedure.,neutral
The actions violated fundamental rights.,negative
The legislation protects fundamental rights.,positive
The panel examined the evidence objectively.,neutral
The panel examined the evidence objectively.,neutral
The panel examined the evidence objectively.,neutral
The company was fined for breaching the law.,negative
The contract terms were beneficial to all parties.,positive
The defendant complied fully with the regulations.,positive
The actions violated fundamental rights.,negative
The law was passed without opposition.,neutral
The defendant complied fully with the regulations.,positive
The law ensures fair competition.,positive
The clause was interpreted literally.,neutral
The case was adjourned until next month.,neutral
The hearing was scheduled as per the procedure.,neutral
The defendant complied fully with the regulations.,positive
The report was submitted for consideration.,neutral
The panel examined the evidence objectively.,neutral
The report was submitted for consideration.,neutral
The agreement was fair and just.,positive
The legislation protects fundamental rights.,positive
The parties met to discuss the terms.,neutral
The ruling highlighted procedural flaws.,negative
The panel examined the evidence objectively.,neutral
The plaintiff's claims were dismissed.,negative
The judge commended the compliance efforts.,positive
The clause was interpreted literally.,neutral
The appeal was denied due to lack of merit.,negative
The legislation protects fundamental rights.,positive
The law ensures fair competition.,positive
The agreement was declared null and void.,negative
The contract terms were ambiguous and misleading.,negative
The actions violated fundamental rights.,negative
The agreement was declared null and void.,negative
The law ensures fair competition.,positive
The plaintiff's claims were dismissed.,negative
The legislation protects fundamental rights.,positive
The ruling highlighted procedural flaws.,negative
The hearing was scheduled as per the procedure.,neutral
The panel examined the evidence objectively.,neutral
The judge commended the compliance efforts.,positive
The settlement terms were reviewed.,neutral
The court ruled in favor of the plaintiff.,positive
The defendant breached the confidentiality agreement.,negative
The contract terms were ambiguous and misleading.,negative
The clause was interpreted literally.,neutral
The defendant complied fully with the regulations.,positive
The actions violated fundamental rights.,negative
The panel acknowledged the cooperation of both sides.,positive
The panel examined the evidence objectively.,neutral
The settlement was reached amicably.,positive
The parties met to discuss the terms.,neutral
The hearing was scheduled as per the procedure.,neutral
The law ensures fair competition.,positive
The company was fined for breaching the law.,negative
The company followed ethical business practices.,positive
The agreement was signed by both parties.,neutral
The contract terms were beneficial to all parties.,positive
The defendant was found guilty of negligence.,negative
The company followed ethical business practices.,positive
The panel examined the evidence objectively.,neutral
The appeal was denied due to lack of merit.,negative
The hearing was scheduled as per the procedure.,neutral
The company followed ethical business practices.,positive
The agreement was declared null and void.,negative
The case was adjourned until next month.,neutral
The report was submitted for consideration.,neutral
The law ensures fair competition.,positive
The clause was interpreted literally.,neutral
The parties met to discuss the terms.,neutral
The agreement was signed by both parties.,neutral
The court ruled in favor of the plaintiff.,positive
The hearing was scheduled as per the procedure.,neutral
The contract was reviewed by the legal team.,neutral
The panel examined the evidence objectively.,neutral
The hearing was scheduled as per the procedure.,neutral
The law ensures fair competition.,positive
The plaintiff's claims were dismissed.,negative
The court ruled in favor of the plaintiff.,positive
The company followed ethical business practices.,positive
The clause was interpreted literally.,neutral
The court ruled in favor of the plaintiff.,positive
The company followed ethical business practices.,positive
The company was fined for breaching the law.,negative
The defendant complied fully with the regulations.,positive
The appeal was denied due to lack of merit.,negative
The clause was interpreted literally.,neutral
The defendant was found guilty of negligence.,negative
The defendant complied fully with the regulations.,positive
The panel acknowledged the cooperation of both sides.,positive
The case was adjourned until next month.,neutral
The actions violated fundamental rights.,negative
The defendant was found guilty of negligence.,negative
The actions violated fundamental rights.,negative
The appeal was denied due to lack of merit.,negative
The court ruled in favor of the plaintiff.,positive
The case was adjourned until next month.,neutral
The law ensures fair competition.,positive
The settlement terms were reviewed.,neutral
The defendant breached the confidentiality agreement.,negative
The law ensures fair competition.,positive
The defendant complied fully with the regulations.,positive
The defendant complied fully with the regulations.,positive
The legislation protects fundamental rights.,positive
The defendant breached the confidentiality agreement.,negative
The company followed ethical business practices.,positive
The agreement was fair and just.,positive
The agreement was signed by both parties.,neutral
The judge commended the compliance efforts.,positive
The company was fined for breaching the law.,negative
The ruling highlighted procedural flaws.,negative
The company was fined for breaching the law.,negative
The agreement was declared null and void.,negative
The parties met to discuss the terms.,neutral
The parties met to discuss the terms.,neutral
The company was fined for breaching the law.,negative
The agreement was signed by both parties.,neutral
The agreement was fair and just.,positive
The agreement was fair and just.,positive
The appeal was denied due to lack of merit.,negative
The judge commended the compliance efforts.,positive
The appeal was denied due to lack of merit.,negative
The agreement was signed by both parties.,neutral
The law ensures fair competition.,positive
The judge commended the compliance efforts.,positive
The plaintiff's claims were dismissed.,negative
The clause was interpreted literally.,neutral
The court ruled in favor of the plaintiff.,positive
The court criticized the lack of evidence.,negative
The clause was interpreted literally.,neutral
The settlement terms were reviewed.,neutral
The appeal was denied due to lack of merit.,negative
The panel examined the evidence objectively.,neutral
The company was fined for breaching the law.,negative
The agreement was declared null and void.,negative
The settlement was reached amicably.,positive
The defendant breached the confidentiality agreement.,negative
The panel acknowledged the cooperation of both sides.,positive
The panel examined the evidence objectively.,neutral
The panel examined the evidence objectively.,neutral
The settlement was reached amicably.,positive
The company was fined for breaching the law.,negative
The defendant complied fully with the regulations.,positive
The hearing was scheduled as per the procedure.,neutral
The agreement was fair and just.,positive
The contract terms were ambiguous and misleading.,negative
The plaintiff's claims were dismissed.,negative
The judge commended the compliance efforts.,positive
The agreement was signed by both parties.,neutral
The agreement was signed by both parties.,neutral
The agreement was declared null and void.,negative
The court ruled in favor of the plaintiff.,positive
The report was submitted for consideration.,neutral
The panel examined the evidence objectively.,neutral
The plaintiff's claims were dismissed.,negative
The agreement was declared null and void.,negative
The hearing was scheduled as per the procedure.,neutral
The judge commended the compliance efforts.,positive
The plaintiff's claims were dismissed.,negative
The law ensures fair competition.,positive
The company was fined for breaching the law.,negative
The defendant breached the confidentiality agreement.,negative
The report was submitted for consideration.,neutral
The contract terms were ambiguous and misleading.,negative
The settlement was reached amicably.,positive
The panel acknowledged the cooperation of both sides.,positive
The report was submitted for consideration.,neutral
The parties met to discuss the terms.,neutral
The agreement was signed by both parties.,neutral
The panel acknowledged the cooperation of both sides.,positive
The report was submitted for consideration.,neutral
The plaintiff's claims were dismissed.,negative
The hearing was scheduled as per the procedure.,neutral
The case was adjourned until next month.,neutral
The agreement was signed by both parties.,neutral
The panel examined the evidence objectively.,neutral
The ruling highlighted procedural flaws.,negative
The appeal was denied due to lack of merit.,negative
The agreement was signed by both parties.,neutral
The legislation protects fundamental rights.,positive
The agreement was signed by both parties.,neutral
The ruling highlighted procedural flaws.,negative
The company was fined for breaching the law.,negative
The defendant complied fully with the regulations.,positive
The agreement was signed by both parties.,neutral
The contract terms were beneficial to all parties.,positive
The defendant complied fully with the regulations.,positive
The panel examined the evidence objectively.,neutral
The contract terms were beneficial to all parties.,positive
The agreement was fair and just.,positive
The defendant complied fully with the regulations.,positive
The report was submitted for consideration.,neutral
The company followed ethical business practices.,positive
The agreement was declared null and void.,negative
The court ruled in favor of the plaintiff.,positive
The appeal was denied due to lack of merit.,negative
The agreement was signed by both parties.,neutral
The legislation protects fundamental rights.,positive
The ruling highlighted procedural flaws.,negative
The panel acknowledged the cooperation of both sides.,positive
The law was passed without opposition.,neutral
The company followed ethical business practices.,positive
The contract was reviewed by the legal team.,neutral
The appeal was denied due to lack of merit.,negative
The contract was reviewed by the legal team.,neutral
The agreement was declared null and void.,negative
The report was submitted for consideration.,neutral
The hearing was scheduled as per the procedure.,neutral
The case was adjourned until next month.,neutral
The agreement was fair and just.,positive
The contract terms were beneficial to all parties.,positive
The settlement was reached amicably.,positive
The defendant was found guilty of negligence.,negative
The panel examined the evidence objectively.,neutral
The agreement was fair and just.,positive
The defendant was found guilty of negligence.,negative
The company was fined for breaching the law.,negative
The court criticized the lack of evidence.,negative
The defendant complied fully with the regulations.,positive
The appeal was denied due to lack of merit.,negative
The agreement was declared null and void.,negative
The law was passed without opposition.,neutral
The panel examined the evidence objectively.,neutral
The law ensures fair competition.,positive
The agreement was signed by both parties.,neutral
The defendant complied fully with the regulations.,positive
The defendant complied fully with the regulations.,positive
The panel examined the evidence objectively.,neutral
The clause was interpreted literally.,neutral
The court criticized the lack of evidence.,negative
The defendant complied fully with the regulations.,positive
The report was submitted for consideration.,neutral
The law was passed without opposition.,neutral
The law was passed without opposition.,neutral
The report was submitted for consideration.,neutral
The settlement terms were reviewed.,neutral
The law ensures fair competition.,positive
The defendant complied fully with the regulations.,positive
The defendant breached the confidentiality agreement.,negative
The legislation protects fundamental rights.,positive
The court criticized the lack of evidence.,negative
The ruling highlighted procedural flaws.,negative
The company was fined for breaching the law.,negative
The court criticized the lack of evidence.,negative
The law was passed without opposition.,neutral
The law ensures fair competition.,positive
The agreement was declared null and void.,negative
The hearing was scheduled as per the procedure.,neutral
The court ruled in favor of the plaintiff.,positive
The defendant was found guilty of negligence.,negative
The parties met to discuss the terms.,neutral
The panel acknowledged the cooperation of both sides.,positive
The legislation protects fundamental rights.,positive
The contract terms were beneficial to all parties.,positive
The court criticized the lack of evidence.,negative
The report was submitted for consideration.,neutral
The contract terms were beneficial to all parties.,positive
The judge commended the compliance efforts.,positive
The settlement was reached amicably.,positive
The panel acknowledged the cooperation of both sides.,positive
The panel acknowledged the cooperation of both sides.,positive
The ruling highlighted procedural flaws.,negative
The law was passed without opposition.,neutral
The panel acknowledged the cooperation of both sides.,positive
The company followed ethical business practices.,positive
The contract terms were beneficial to all parties.,positive
The report was submitted for consideration.,neutral
The parties met to discuss the terms.,neutral
The parties met to discuss the terms.,neutral
The court criticized the lack of evidence.,negative
The report was submitted for consideration.,neutral
The panel acknowledged the cooperation of both sides.,positive
The contract terms were ambiguous and misleading.,negative
The report was submitted for consideration.,neutral
The court ruled in favor of the plaintiff.,positive
The defendant complied fully with the regulations.,positive
The agreement was signed by both parties.,neutral
The parties met to discuss the terms.,neutral
The company was fined for breaching the law.,negative
The court ruled in favor of the plaintiff.,positive
The judge commended the compliance efforts.,positive
The agreement was declared null and void.,negative
The company was fined for breaching the law.,negative
The court criticized the lack of evidence.,negative
The clause was interpreted literally.,neutral
The contract terms were beneficial to all parties.,positive
The case was adjourned until next month.,neutral
The report was submitted for consideration.,neutral
The agreement was signed by both parties.,neutral
The court ruled in favor of the plaintiff.,positive
The report was submitted for consideration.,neutral
The defendant was found guilty of negligence.,negative
The agreement was signed by both parties.,neutral
The hearing was scheduled as per the procedure.,neutral
The company followed ethical business practices.,positive
The contract terms were beneficial to all parties.,positive
The court ruled in favor of the plaintiff.,positive
The panel examined the evidence objectively.,neutral
The contract was reviewed by the legal team.,neutral
The legislation protects fundamental rights.,positive
The defendant was found guilty of negligence.,negative
The case was adjourned until next month.,neutral
The agreement was signed by both parties.,neutral
The panel examined the evidence objectively.,neutral
The contract terms were ambiguous and misleading.,negative
The law was passed without opposition.,neutral
The actions violated fundamental rights.,negative
The parties met to discuss the terms.,neutral
The settlement terms were reviewed.,neutral
The panel acknowledged the cooperation of both sides.,positive
The appeal was denied due to lack of merit.,negative
The case was adjourned until next month.,neutral
The panel acknowledged the cooperation of both sides.,positive
The ruling highlighted procedural flaws.,negative
The contract terms were ambiguous and misleading.,negative
The appeal was denied due to lack of merit.,negative
The defendant was found guilty of negligence.,negative
The court criticized the lack of evidence.,negative
The court criticized the lack of evidence.,negative
The case was adjourned until next month.,neutral
The panel examined the evidence objectively.,neutral
The panel examined the evidence objectively.,neutral
The judge commended the compliance efforts.,positive
The appeal was denied due to lack of merit.,negative
The report was submitted for consideration.,neutral
The court ruled in favor of the plaintiff.,positive
The actions violated fundamental rights.,negative
The contract was reviewed by the legal team.,neutral
The agreement was fair and just.,positive
The settlement terms were reviewed.,neutral
The court criticized the lack of evidence.,negative
The panel examined the evidence objectively.,neutral
The court criticized the lack of evidence.,negative
The agreement was declared null and void.,negative
The settlement was reached amicably.,positive
The law ensures fair competition.,positive
The company was fined for breaching the law.,negative
The report was submitted for consideration.,neutral
The company was fined for breaching the law.,negative
The law ensures fair competition.,positive
The panel examined the evidence objectively.,neutral
The judge commended the compliance efforts.,positive
The panel examined the evidence objectively.,neutral
The contract terms were ambiguous and misleading.,negative
The appeal was denied due to lack of merit.,negative
The report was submitted for consideration.,neutral
The report was submitted for consideration.,neutral
The defendant complied fully with the regulations.,positive
The defendant complied fully with the regulations.,positive
The defendant breached the confidentiality agreement.,negative
The settlement was reached amicably.,positive
The plaintiff's claims were dismissed.,negative
The court ruled in favor of the plaintiff.,positive
The settlement terms were reviewed.,neutral
The agreement was fair and just.,positive
The company was fined for breaching the law.,negative
The appeal was denied due to lack of merit.,negative
The plaintiff's claims were dismissed.,negative
The settlement was reached amicably.,positive
The defendant was found guilty of negligence.,negative
The panel acknowledged the cooperation of both sides.,positive
The panel examined the evidence objectively.,neutral
The judge commended the compliance efforts.,positive
The law ensures fair competition.,positive
The case was adjourned until next month.,neutral
The clause was interpreted literally.,neutral
The contract was reviewed by the legal team.,neutral
The agreement was fair and just.,positive
The contract terms were ambiguous and misleading.,negative
The settlement terms were reviewed.,neutral
The agreement was signed by both parties.,neutral
The judge commended the compliance efforts.,positive
The report was submitted for consideration.,neutral
The report was submitted for consideration.,neutral
The settlement terms were reviewed.,neutral
The defendant was found guilty of negligence.,negative
The plaintiff's claims were dismissed.,negative
The contract was reviewed by the legal team.,neutral
The defendant was found guilty of negligence.,negative
The hearing was scheduled as per the procedure.,neutral
The ruling highlighted procedural flaws.,negative
The contract terms were beneficial to all parties.,positive
The court criticized the lack of evidence.,negative
The hearing was scheduled as per the procedure.,neutral
The agreement was fair and just.,positive
The legislation protects fundamental rights.,positive
The agreement was signed by both parties.,neutral
The actions violated fundamental rights.,negative
The appeal was denied due to lack of merit.,negative
The parties met to discuss the terms.,neutral
The parties met to discuss the terms.,neutral
The defendant complied fully with the regulations.,positive
The agreement was declared null and void.,negative
The case was adjourned until next month.,neutral
The agreement was declared null and void.,negative
The contract terms were ambiguous and misleading.,negative
The appeal was denied due to lack of merit.,negative
